,car_num,x_position,y_position
0,dakeche.0,63.485896529408635,-1.6
1,dakeche.1,23.443438039161265,-1.6
2,daxinghuoche.0,65.47640705751255,-11.2
3,daxinghuoche.1,28.476262161542127,-11.2
4,tedaxinghuoche.0,30.78083597996738,-14.4
5,xiaokeche.1,6.356129846000112,-14.4
6,xiaoxinghuoche.0,59.81848738817498,-4.8
7,xiaoxinghuoche.1,26.219607907300812,-4.8
8,xiaoxinghuoche.2,8.388431977473157,-4.8
9,zhongxinghuoche.1,52.34374310963321,-8.0
10,zhongxinghuoche.2,17.188544903969152,-8.0
