,car_num,x_position,y_position
0,dakeche.27,50.252077256728015,-1.6
1,dakeche.28,17.35356618646765,-1.6
2,daxinghuoche.25,54.58390338491418,-11.2
3,daxinghuoche.26,18.860590779350606,-11.2
4,tedaxinghuoche.17,48.98359674515669,-14.4
5,xiaokeche.17,21.587449943763154,-14.4
6,xiaoxinghuoche.34,59.67474252701505,-4.8
7,xiaoxinghuoche.35,26.783467876631768,-4.8
8,xiaoxinghuoche.36,9.065946750028525,-4.8
9,zhongxinghuoche.41,49.580252827168444,-8.0
10,zhongxinghuoche.42,15.863476357515898,-8.0
