,car_num,x_position,y_position
0,dakeche.48,60.44304976263083,-1.6
1,dakeche.49,22.189417126522024,-1.6
2,daxinghuoche.45,52.64298449527705,-11.2
3,daxinghuoche.46,19.796511585707776,-11.2
4,tedaxinghuoche.31,35.89491256651235,-14.4
5,xiaokeche.29,11.037441343249984,-14.4
6,xiaoxinghuoche.61,57.61132999502588,-4.8
7,xiaoxinghuoche.62,23.809586010689028,-4.8
8,xiaoxinghuoche.63,6.945898295519873,-4.8
9,zhongxinghuoche.73,49.21766240713186,-8.0
10,zhongxinghuoche.74,15.555914865247905,-8.0
