,car_num,x_position,y_position
0,dakeche.2,57.43413361152635,-1.6
1,dakeche.3,20.48185518188402,-1.6
2,daxinghuoche.2,59.72075948725687,-11.2
3,daxinghuoche.3,23.31940104395617,-11.2
4,tedaxinghuoche.1,44.49115266198059,-14.4
5,xiaokeche.2,17.04833234997932,-14.4
6,xiaoxinghuoche.2,75.85561282765282,-4.8
7,xiaoxinghuoche.3,32.78633439965779,-4.8
8,xiaoxinghuoche.4,11.633942094328813,-4.8
9,zhongxinghuoche.4,48.57051273861435,-8.0
10,zhongxinghuoche.5,16.31810653100256,-8.0
