,car_num,x_position,y_position
0,dakeche.53,67.99696494742528,-1.6
1,dakeche.54,22.987712216272485,-1.6
2,daxinghuoche.50,50.58540088062872,-11.2
3,daxinghuoche.51,17.644046185592117,-11.2
4,tedaxinghuoche.34,49.886905189615206,-14.4
5,xiaokeche.32,21.915106486116535,-14.4
6,xiaoxinghuoche.67,58.64242651362438,-4.8
7,xiaoxinghuoche.68,20.063208728067842,-4.8
8,xiaoxinghuoche.69,6.790624097658713,-4.8
9,zhongxinghuoche.80,47.18222075751982,-8.0
10,zhongxinghuoche.81,16.673963603493757,-8.0
