,car_num,x_position,y_position
0,dakeche.44,49.41139865049627,-1.6
1,dakeche.45,17.453200858051424,-1.6
2,daxinghuoche.41,50.19612783218035,-11.2
3,daxinghuoche.42,16.641099262761415,-11.2
4,tedaxinghuoche.28,54.17683973516105,-14.4
5,xiaokeche.27,22.119227823592855,-14.4
6,xiaoxinghuoche.56,51.325728835009876,-4.8
7,xiaoxinghuoche.57,21.0256507395301,-4.8
8,xiaoxinghuoche.58,7.016245867533144,-4.8
9,zhongxinghuoche.67,63.408124095835475,-8.0
10,zhongxinghuoche.68,21.069728561257946,-8.0
