,car_num,x_position,y_position
0,dakeche.0,12.114812191738746,-1.6
1,daxinghuoche.0,14.398178090306466,-11.2
2,xiaokeche.0,5.5416886697057635,-14.4
3,xiaoxinghuoche.0,7.270017616753465,-4.8
4,zhongxinghuoche.0,11.450652830884792,-8.0
