,car_num,x_position,y_position
0,dakeche.39,52.50037406078773,-1.6
1,dakeche.40,16.735292023338843,-1.6
2,daxinghuoche.36,59.36430608872324,-11.2
3,daxinghuoche.37,20.42787378055509,-11.2
4,tedaxinghuoche.25,43.02761891484262,-14.4
5,xiaokeche.24,15.072156084352173,-14.4
6,xiaoxinghuoche.49,77.25249281451106,-4.8
7,xiaoxinghuoche.50,41.50969807128287,-4.8
8,xiaoxinghuoche.51,14.375169762809668,-4.8
9,zhongxinghuoche.60,46.25235477511305,-8.0
10,zhongxinghuoche.61,16.12291065913159,-8.0
