,car_num,x_position,y_position
0,dakeche.0,14.106837260478642,-1.6
1,daxinghuoche.0,16.79395517867524,-11.2
2,xiaokeche.0,8.657135966210626,-14.4
3,xiaoxinghuoche.0,9.160779289773199,-4.8
4,zhongxinghuoche.0,15.107493678270838,-8.0
