,car_num,x_position,y_position
0,dakeche.67,45.25630057775415,-1.6
1,dakeche.68,15.748617671252527,-1.6
2,daxinghuoche.62,70.17876051929778,-11.2
3,daxinghuoche.63,28.57135741588427,-11.2
4,tedaxinghuoche.43,35.7073439516942,-14.4
5,xiaokeche.40,9.692722320722629,-14.4
6,xiaoxinghuoche.84,56.3815625078161,-4.8
7,xiaoxinghuoche.85,19.268901839118918,-4.8
8,xiaoxinghuoche.86,6.1,-4.8
9,zhongxinghuoche.100,47.308881403296255,-8.0
10,zhongxinghuoche.101,14.545944520574993,-8.0
