,car_num,x_position,y_position
0,dakeche.80,54.10493445704924,-1.6
1,dakeche.81,22.060236735677822,-1.6
2,daxinghuoche.74,58.988110116194,-11.2
3,daxinghuoche.75,18.05191315229749,-11.2
4,tedaxinghuoche.51,47.861767683154895,-14.4
5,xiaokeche.47,16.833220266213587,-14.4
6,xiaoxinghuoche.100,58.261925634741786,-4.8
7,xiaoxinghuoche.101,23.58394137030644,-4.8
8,xiaoxinghuoche.102,6.850759165768977,-4.8
9,zhongxinghuoche.119,66.03637489117682,-8.0
10,zhongxinghuoche.120,21.492836509388873,-8.0
