,car_num,x_position,y_position
0,dakeche.0,17.378313513449392,-1.6
1,daxinghuoche.0,20.031022264622152,-11.2
2,xiaokeche.0,14.313460015063177,-14.4
3,xiaoxinghuoche.0,12.27734297363786,-4.8
4,zhongxinghuoche.0,20.854054408310912,-8.0
