,car_num,x_position,y_position
0,dakeche.0,21.51343468609266,-1.6
1,daxinghuoche.0,24.140822494309397,-11.2
2,xiaokeche.0,21.93090530233458,-14.4
3,xiaoxinghuoche.0,16.32434216910042,-4.8
4,xiaoxinghuoche.1,6.1,-4.8
5,zhongxinghuoche.0,28.183814369444736,-8.0
6,zhongxinghuoche.1,9.7,-8.0
