,car_num,x_position,y_position
0,dakeche.97,54.77625088598579,-1.6
1,dakeche.98,17.43619824475956,-1.6
2,daxinghuoche.90,48.0589519141824,-11.2
3,daxinghuoche.91,16.132788457314017,-11.2
4,tedaxinghuoche.62,43.11628710200312,-14.4
5,xiaokeche.57,15.556055066920816,-14.4
6,xiaoxinghuoche.121,76.92863030486042,-4.8
7,xiaoxinghuoche.122,35.25449784422526,-4.8
8,xiaoxinghuoche.123,11.611345484352203,-4.8
9,zhongxinghuoche.144,60.111696181785334,-8.0
10,zhongxinghuoche.145,20.50550849735737,-8.0
