,car_num,x_position,y_position
0,dakeche.92,67.19726233416004,-1.6
1,dakeche.93,24.023794416000605,-1.6
2,daxinghuoche.85,67.98577715329593,-11.2
3,daxinghuoche.86,23.3224029002944,-11.2
4,tedaxinghuoche.59,30.284223409241534,-14.4
5,xiaokeche.54,76.76424408743337,-14.4
6,xiaoxinghuoche.115,73.5153343961225,-4.8
7,xiaoxinghuoche.116,32.22414390334161,-4.8
8,xiaoxinghuoche.117,9.705832765659682,-4.8
9,zhongxinghuoche.137,61.737008983874695,-8.0
10,zhongxinghuoche.138,21.154963898542334,-8.0
