,car_num,x_position,y_position
0,dakeche.112,56.227247789863036,-1.6
1,dakeche.113,21.4596542259329,-1.6
2,daxinghuoche.104,45.718019477254714,-11.2
3,daxinghuoche.105,16.49299562338274,-11.2
4,tedaxinghuoche.72,44.17811161815188,-14.4
5,xiaokeche.66,17.7183281739247,-14.4
6,xiaoxinghuoche.140,73.3248994584894,-4.8
7,xiaoxinghuoche.141,34.45410427418537,-4.8
8,xiaoxinghuoche.142,11.248498294048476,-4.8
9,zhongxinghuoche.167,51.759438787819825,-8.0
10,zhongxinghuoche.168,16.063475767476483,-8.0
