,car_num,x_position,y_position
0,dakeche.0,26.360025915130976,-1.6
1,dakeche.1,11.1,-1.6
2,daxinghuoche.0,29.106848200992687,-11.2
3,daxinghuoche.1,13.100000000000001,-11.2
4,tedaxinghuoche.0,16.1,-14.4
5,xiaokeche.0,31.38140935478732,-14.4
6,xiaoxinghuoche.0,21.522355517430697,-4.8
7,xiaoxinghuoche.1,7.149189363990445,-4.8
8,zhongxinghuoche.0,37.106335476203824,-8.0
9,zhongxinghuoche.1,11.787662433111109,-8.0
