,car_num,x_position,y_position
0,dakeche.0,32.04665200352902,-1.6
1,dakeche.1,11.93017038848484,-1.6
2,daxinghuoche.0,34.757303555833644,-11.2
3,daxinghuoche.1,13.926269206758388,-11.2
4,tedaxinghuoche.0,16.916882702941077,-14.4
5,xiaokeche.0,43.37521802266129,-14.4
6,xiaoxinghuoche.0,27.438537442148665,-4.8
7,xiaoxinghuoche.1,9.080554707464762,-4.8
8,zhongxinghuoche.0,47.76946013695561,-8.0
9,zhongxinghuoche.1,15.961509588221087,-8.0
