,car_num,x_position,y_position
0,dakeche.148,44.90819229871267,-1.6
1,dakeche.149,13.832728121138643,-1.6
2,daxinghuoche.137,44.087532408791596,-11.2
3,daxinghuoche.138,16.41991688690614,-11.2
4,tedaxinghuoche.95,52.07505458791275,-14.4
5,xiaokeche.87,21.743153687287123,-14.4
6,xiaoxinghuoche.184,47.8347265906051,-4.8
7,xiaoxinghuoche.185,14.17362293926999,-4.8
8,zhongxinghuoche.218,67.38043187130242,-8.0
9,zhongxinghuoche.219,28.786498387693428,-8.0
10,zhongxinghuoche.220,9.7,-8.0
