,car_num,x_position,y_position
0,dakeche.0,38.427867674909066,-1.6
1,dakeche.1,13.635227094718722,-1.6
2,daxinghuoche.0,41.202187776356006,-11.2
3,daxinghuoche.1,16.002663644982565,-11.2
4,tedaxinghuoche.0,18.67933650686173,-14.4
5,xiaokeche.0,57.64727602214552,-14.4
6,xiaoxinghuoche.0,34.09224408348091,-4.8
7,xiaoxinghuoche.1,11.754837019590195,-4.8
8,zhongxinghuoche.0,60.596411866322164,-8.0
9,zhongxinghuoche.1,22.10255902307108,-8.0
10,zhongxinghuoche.2,9.7,-8.0
