,car_num,x_position,y_position
0,dakeche.149,52.4512246800703,-1.6
1,dakeche.150,18.83600721565694,-1.6
2,daxinghuoche.138,61.554826948733535,-11.2
3,daxinghuoche.139,21.11245864402357,-11.2
4,tedaxinghuoche.96,37.54200912079541,-14.4
5,xiaokeche.88,9.461909929593093,-14.4
6,xiaoxinghuoche.185,67.53063774293986,-4.8
7,xiaoxinghuoche.186,25.602733560174233,-4.8
8,xiaoxinghuoche.187,8.36817908871593,-4.8
9,zhongxinghuoche.220,60.97728599302936,-8.0
10,zhongxinghuoche.221,20.259570183278996,-8.0
