,car_num,x_position,y_position
0,dakeche.15,52.12699601271969,-1.6
1,dakeche.16,19.095721997639746,-1.6
2,daxinghuoche.14,46.097103149513714,-11.2
3,daxinghuoche.15,15.2183764240006,-11.2
4,tedaxinghuoche.10,21.77559032540303,-14.4
5,tedaxinghuoche.9,65.30973129958147,-14.4
6,xiaoxinghuoche.18,79.1565317807782,-4.8
7,xiaoxinghuoche.19,35.51997076294231,-4.8
8,xiaoxinghuoche.20,11.96069976991275,-4.8
9,zhongxinghuoche.23,62.002188324951554,-8.0
10,zhongxinghuoche.24,20.601878317422234,-8.0
