,car_num,x_position,y_position
0,dakeche.184,75.52069262354635,-1.6
1,dakeche.185,28.35309375171161,-1.6
2,dakeche.186,11.1,-1.6
3,daxinghuoche.171,76.44866876063172,-11.2
4,daxinghuoche.172,25.70098787578754,-11.2
5,tedaxinghuoche.119,33.31331652879017,-14.4
6,xiaoxinghuoche.229,62.32567123981173,-4.8
7,xiaoxinghuoche.230,30.649845159298277,-4.8
8,xiaoxinghuoche.231,9.026193929545116,-4.8
9,zhongxinghuoche.274,40.972313861502336,-8.0
10,zhongxinghuoche.275,14.572836765367537,-8.0
